source,text,date,engagement
survey,"I need to close my shop books without losing Sunday evening to spreadsheets",2026-04-02,1
survey,"I want a clear picture of cash flow before the next supplier order",2026-04-05,1
survey,"My accountant asks for clean records and I scramble every quarter",2026-04-06,1
ticket,"Importing old invoices feels risky because I cannot afford missing transactions",2026-04-08,1
ticket,"Does it connect to my bank and show which payments are overdue?",2026-04-12,1
review,"The weekly cash flow view helped me decide when to restock",2026-04-15,2
review,"I switched from spreadsheets because reconciliation took too long",2026-04-18,2
survey,"I need to show our finance lead the controls before changing software",2026-04-20,1
survey,"Our team wants approval steps and a dependable audit trail",2026-04-22,1
ticket,"Can I migrate two years of invoices without losing the history?",2026-04-25,1
review,"The accountant export made tax preparation less chaotic",2026-04-27,2
survey,"I compare monthly cost with the time my staff spends entering data",2026-04-30,1
